4833001530049/;50-90
4833001530063/;70-140
4833001530070/;100-180
4833001530087/;150-210
4833001530094/;180-210
BRT140KIT70/;70-140, 50-90, 40-70
BRT70KIT70/;40-70
BRT90KIT90/;50-90
ЭК140Д01/;70-140
ЭК180Д01/;100-180
BRT140X2KIT/;70-140
BRT140X3KIT/;70-140
BRT140M3KIT/;70-140
BRT90X2KIT;50-90
BRT90M2KIT;50-90
AST100X180/;100-180
AST155X200/;155-200
AST190X200/;190-200
AST70X140/;70-140
КБЫКИ515/;0
КГОРОХ214/;0
КДЖОКЕР32/;0
ККЛАССИКА313/;0
КМАЖОР311/;0
КМАЖОР33/;0
КМИНИСТЕР37/;0
КНГ516/;0
КНГЕ210/;0
КНГЕ26/;0
КНГУСЫ312/;0
КНГУСЫ34/;0
КОСЕНЬ31/;0
КОСЕНЬ39/;0
КСЕРЫЙ38/;0
КУЗОР35/;0
